timestamp,temp
2026-03-16 20:03:12,57.203
2026-03-16 20:04:37,54.981
2026-03-16 20:05:37,54.426
2026-03-16 20:06:37,54.981
2026-03-16 20:07:37,56.092
2026-03-16 20:08:37,54.426
2026-03-16 20:09:37,53.176
2026-03-16 20:10:37,53.801
2026-03-16 20:11:37,53.801
2026-03-16 20:12:38,54.426
2026-03-16 20:13:38,59.981
2026-03-16 20:14:38,54.426
2026-03-16 20:14:47,55.537
2026-03-16 20:14:50,54.981
2026-03-16 20:15:04,54.981
2026-03-16 20:15:06,54.981
2026-03-16 20:15:07,54.981
2026-03-16 20:15:08,54.981
2026-03-16 20:15:10,56.092
2026-03-16 20:15:36,54.426
2026-03-16 20:16:39,54.981
2026-03-16 20:17:39,54.426
2026-03-16 20:18:39,54.981
2026-03-16 20:19:39,56.092
2026-03-16 20:20:39,53.176
2026-03-16 20:21:39,53.176
2026-03-16 20:22:39,53.176
2026-03-16 20:23:39,53.801
2026-03-16 20:24:39,53.801
2026-03-16 20:25:39,55.537
2026-03-16 20:26:39,52.551
2026-03-16 20:27:39,53.176
2026-03-16 20:28:39,53.176
2026-03-16 20:29:40,53.801
2026-03-16 20:30:40,63.314
2026-03-16 20:31:40,67.203
2026-03-16 20:32:40,67.759
2026-03-16 20:33:40,66.648
2026-03-16 20:34:40,65.537
2026-03-16 20:35:40,62.759
2026-03-16 20:36:40,62.759
2026-03-16 20:37:40,61.092
2026-03-16 20:38:40,63.314
2026-03-16 20:39:40,64.426
2026-03-16 20:40:40,63.314
2026-03-16 20:41:40,62.759
2026-03-16 20:42:40,63.314
2026-03-16 20:43:40,64.981
2026-03-16 20:44:40,64.981
2026-03-16 20:45:40,64.981
2026-03-16 20:46:40,63.314
2026-03-16 20:47:40,63.314
2026-03-16 20:48:40,63.87
2026-03-16 20:49:40,63.87
2026-03-16 20:50:40,56.648
2026-03-16 20:51:40,55.537
2026-03-16 20:52:40,55.537
2026-03-16 20:54:29,55.537
2026-03-16 20:59:29,53.176
2026-03-16 21:04:29,56.092
2026-03-16 21:09:29,53.801
2026-03-16 21:14:29,53.176
2026-03-16 21:19:29,53.176
2026-03-16 21:24:29,52.551
2026-03-16 21:29:29,52.551
2026-03-16 21:34:29,52.551
2026-03-16 21:39:29,52.551
2026-03-16 21:44:29,56.092
2026-03-16 21:49:29,53.801
2026-03-16 21:54:29,52.551
2026-03-16 21:59:30,52.551
2026-03-16 22:04:30,52.551
2026-03-16 22:09:30,53.176
2026-03-16 22:14:30,52.551
2026-03-16 22:19:30,56.092
2026-03-16 22:24:30,53.801
2026-03-16 22:29:30,53.176
2026-03-16 22:34:30,52.551
2026-03-16 22:39:30,52.551
2026-03-16 22:44:30,53.176
2026-03-16 22:49:30,53.176
2026-03-16 22:54:30,53.176
2026-03-16 22:59:31,56.092
2026-03-16 23:04:31,55.537
2026-03-16 23:09:31,53.176
2026-03-16 23:14:31,52.551
2026-03-16 23:19:31,53.176
2026-03-16 23:24:31,52.551
2026-03-16 23:29:31,52.551
2026-03-16 23:34:31,53.801
2026-03-16 23:39:31,53.801
2026-03-16 23:44:31,53.176
2026-03-16 23:49:31,52.551
2026-03-16 23:54:31,52.551
2026-03-16 23:59:31,52.551
2026-03-17 00:04:31,52.551
2026-03-17 00:09:32,52.551
2026-03-17 00:14:32,56.648
2026-03-17 00:19:32,53.801
2026-03-17 00:24:32,52.551
2026-03-17 00:29:32,52.551
2026-03-17 00:34:32,52.551
2026-03-17 00:39:32,51.926
2026-03-17 00:44:32,52.551
2026-03-17 00:49:32,52.551
2026-03-17 00:54:32,53.801
2026-03-17 00:59:32,52.551
2026-03-17 01:04:32,52.551
2026-03-17 01:09:32,52.551
2026-03-17 01:14:32,52.551
2026-03-17 01:19:33,52.551
2026-03-17 01:24:33,51.926
2026-03-17 01:29:33,55.537
2026-03-17 01:34:33,53.176
2026-03-17 01:39:33,53.801
2026-03-17 01:44:33,52.551
2026-03-17 01:49:33,52.551
2026-03-17 01:54:33,52.551
2026-03-17 01:59:33,52.551
2026-03-17 02:04:33,54.981
2026-03-17 02:09:33,53.801
2026-03-17 02:14:34,52.551
2026-03-17 02:19:34,52.551
2026-03-17 02:24:34,52.551
2026-03-17 02:29:34,52.551
2026-03-17 02:34:34,52.551
2026-03-17 02:39:34,62.759
2026-03-17 02:44:34,61.092
2026-03-17 02:49:34,61.648
2026-03-17 02:54:34,58.87
2026-03-17 02:59:34,61.648
2026-03-17 03:04:34,61.648
2026-03-17 03:09:34,61.648
2026-03-17 03:14:35,62.759
2026-03-17 03:19:35,62.203
2026-03-17 03:24:35,60.537
2026-03-17 03:29:35,62.759
2026-03-17 03:34:35,63.314
2026-03-17 03:39:35,62.759
2026-03-17 03:44:35,63.87
2026-03-17 03:49:35,63.87
2026-03-17 03:54:35,63.314
2026-03-17 03:59:35,63.87
2026-03-17 04:04:35,63.87
2026-03-17 04:09:36,63.87
2026-03-17 04:14:36,62.203
2026-03-17 04:19:36,61.648
2026-03-17 04:24:36,62.203
2026-03-17 04:29:36,62.203
2026-03-17 04:34:36,66.648
2026-03-17 04:39:36,57.203
2026-03-17 04:44:36,54.981
2026-03-17 04:49:36,57.203
2026-03-17 04:54:36,54.426
2026-03-17 04:59:36,53.801
2026-03-17 05:04:36,53.176
2026-03-17 05:09:36,52.551
2026-03-17 05:14:37,52.551
2026-03-17 05:19:37,52.551
2026-03-17 05:24:37,53.176
2026-03-17 05:29:37,54.426
2026-03-17 05:34:37,52.551
2026-03-17 05:39:37,53.176
2026-03-17 05:44:37,52.551
2026-03-17 05:49:37,52.551
2026-03-17 05:54:37,51.926
2026-03-17 05:59:37,51.926
2026-03-17 06:04:37,54.981
2026-03-17 06:09:37,52.551
2026-03-17 06:14:37,52.551
2026-03-17 06:19:37,51.926
2026-03-17 06:24:37,51.926
2026-03-17 06:29:38,51.926
2026-03-17 06:34:38,51.926
2026-03-17 06:39:38,52.551
2026-03-17 06:44:38,53.801
2026-03-17 06:49:38,52.551
2026-03-17 06:54:38,52.551
2026-03-17 06:59:38,52.551
2026-03-17 07:04:38,53.801
2026-03-17 07:09:38,52.551
2026-03-17 07:14:38,52.551
2026-03-17 07:19:38,56.092
2026-03-17 07:24:38,53.801
2026-03-17 07:29:38,53.176
2026-03-17 07:34:39,53.176
2026-03-17 07:39:39,53.176
2026-03-17 07:44:39,53.176
2026-03-17 07:49:39,53.176
2026-03-17 07:54:39,54.426
2026-03-17 07:59:39,53.801
2026-03-17 08:04:39,53.176
2026-03-17 08:09:39,53.176
2026-03-17 08:14:39,53.801
2026-03-17 08:19:39,53.176
2026-03-17 08:24:39,53.176
2026-03-17 08:29:39,53.176
2026-03-17 08:34:39,55.537
2026-03-17 08:39:40,53.801
2026-03-17 08:44:40,53.801
2026-03-17 08:49:40,53.801
2026-03-17 08:54:40,53.176
2026-03-17 08:59:40,53.176
2026-03-17 09:04:40,53.176
2026-03-17 09:09:40,56.092
2026-03-17 09:14:40,54.981
2026-03-17 09:19:40,54.426
2026-03-17 09:24:40,53.801
2026-03-17 09:29:40,54.426
2026-03-17 09:34:40,53.801
2026-03-17 09:39:40,53.176
2026-03-17 09:44:41,53.801
2026-03-17 09:49:41,57.203
2026-03-17 09:54:41,54.426
2026-03-17 09:59:41,53.801
2026-03-17 10:04:41,54.426
2026-03-17 10:09:41,54.426
2026-03-17 10:14:41,53.801
2026-03-17 10:19:41,53.801
2026-03-17 10:24:41,56.648
2026-03-17 10:29:41,54.426
2026-03-17 10:34:41,53.801
2026-03-17 10:39:41,54.426
2026-03-17 10:44:42,54.426
2026-03-17 10:49:42,53.801
2026-03-17 10:54:42,53.801
2026-03-17 10:59:42,53.801
2026-03-17 11:04:42,57.203
2026-03-17 11:09:42,53.801
2026-03-17 11:14:42,53.801
2026-03-17 11:19:42,53.801
2026-03-17 11:24:42,53.801
2026-03-17 11:29:42,53.801
2026-03-17 11:34:42,53.176
2026-03-17 11:39:42,54.981
2026-03-17 11:44:42,54.981
2026-03-17 11:49:43,54.981
2026-03-17 11:54:43,54.981
2026-03-17 11:59:43,53.801
2026-03-17 12:04:43,53.801
2026-03-17 12:09:43,53.176
2026-03-17 12:14:43,53.176
2026-03-17 12:19:43,56.648
2026-03-17 12:24:43,54.426
2026-03-17 12:29:43,53.801
2026-03-17 12:34:43,53.176
2026-03-17 12:39:43,53.176
2026-03-17 12:44:43,53.801
2026-03-17 12:49:44,53.176
2026-03-17 12:54:44,55.537
2026-03-17 12:59:44,54.426
2026-03-17 13:04:44,53.801
2026-03-17 13:09:44,54.426
2026-03-17 13:14:44,53.176
2026-03-17 13:19:44,53.176
2026-03-17 13:24:44,53.176
2026-03-17 13:29:44,53.176
2026-03-17 13:34:44,54.426
2026-03-17 13:39:44,53.801
2026-03-17 13:44:44,53.176
2026-03-17 13:49:44,53.176
2026-03-17 13:54:45,53.176
2026-03-17 13:59:45,53.801
2026-03-17 14:04:45,53.801
2026-03-17 14:09:45,56.092
2026-03-17 14:14:45,54.426
2026-03-17 14:19:45,54.426
2026-03-17 14:24:45,54.981
2026-03-17 14:29:45,53.801
2026-03-17 14:34:45,53.801
2026-03-17 14:39:45,53.176
2026-03-17 14:44:45,53.176
2026-03-17 14:49:45,54.426
2026-03-17 14:54:45,53.801
2026-03-17 14:59:45,53.801
2026-03-17 15:04:45,53.801
2026-03-17 15:09:46,53.176
2026-03-17 15:14:46,53.176
2026-03-17 15:19:46,53.176
2026-03-17 15:24:46,56.092
2026-03-17 15:29:46,54.426
2026-03-17 15:34:46,53.801
2026-03-17 15:39:46,54.426
2026-03-17 15:44:46,53.176
2026-03-17 15:49:46,53.176
2026-03-17 15:54:46,53.176
2026-03-17 15:59:46,53.176
2026-03-17 16:04:46,55.537
2026-03-17 16:09:46,53.801
2026-03-17 16:14:46,54.426
2026-03-17 16:19:46,53.801
2026-03-17 16:24:47,53.801
2026-03-17 16:29:47,53.176
2026-03-17 16:34:47,53.176
2026-03-17 16:39:47,56.648
2026-03-17 16:44:47,54.426
2026-03-17 16:49:47,54.426
2026-03-17 16:54:47,53.176
2026-03-17 16:59:47,53.176
2026-03-17 17:04:47,53.176
2026-03-17 17:09:47,53.176
2026-03-17 17:14:47,53.176
2026-03-17 17:19:47,54.426
2026-03-17 17:24:48,53.176
2026-03-17 17:29:48,53.176
2026-03-17 17:34:48,53.176
2026-03-17 17:39:48,53.176
2026-03-17 17:44:48,53.176
2026-03-17 17:49:48,54.981
2026-03-17 17:54:48,54.426
2026-03-17 17:59:48,54.426
2026-03-17 18:04:48,53.801
2026-03-17 18:09:48,53.176
2026-03-17 18:14:48,53.176
2026-03-17 18:19:48,55.537
2026-03-17 18:24:48,54.426
2026-03-17 18:29:48,53.801
2026-03-17 18:34:49,54.426
2026-03-17 18:39:49,53.801
2026-03-17 18:44:49,53.176
2026-03-17 18:49:49,53.176
2026-03-17 18:54:49,53.801
2026-03-17 18:59:49,56.092
2026-03-17 19:04:49,74.426
2026-03-17 19:09:49,78.314
2026-03-17 19:14:49,78.314
2026-03-17 19:19:49,80.537
2026-03-17 19:24:49,79.426
2026-03-17 19:29:49,80.537
2026-03-17 19:34:49,80.537
2026-03-17 19:39:49,58.87
2026-03-17 19:44:49,54.981
2026-03-17 19:49:49,53.801
2026-03-17 19:54:49,53.801
2026-03-17 19:59:50,55.537
2026-03-17 20:04:50,53.801
2026-03-17 20:09:50,54.426
2026-03-17 20:14:50,53.176
2026-03-17 20:19:50,53.176
2026-03-17 20:24:50,53.176
2026-03-17 20:29:50,53.801
2026-03-17 20:34:50,63.314
2026-03-17 20:39:50,62.759
2026-03-17 20:44:50,62.759
2026-03-17 20:49:50,56.092
2026-03-17 20:54:50,53.801
2026-03-17 20:59:51,54.981
2026-03-17 21:04:51,53.801
2026-03-17 21:09:51,53.176
2026-03-17 21:14:51,53.801
2026-03-17 21:19:51,52.551
2026-03-17 21:24:51,53.176
2026-03-17 21:29:51,53.176
2026-03-17 21:34:51,52.551
2026-03-17 21:39:51,56.092
2026-03-17 21:44:51,53.801
2026-03-17 21:49:51,52.551
2026-03-17 21:54:51,52.551
2026-03-17 21:59:51,52.551
2026-03-17 22:04:51,52.551
2026-03-17 22:09:52,52.551
2026-03-17 22:14:52,52.551
2026-03-17 22:19:52,54.426
2026-03-17 22:24:52,53.801
2026-03-17 22:29:52,53.801
2026-03-17 22:34:52,53.801
2026-03-17 22:39:52,51.926
2026-03-17 22:44:52,52.551
2026-03-17 22:49:52,51.926
2026-03-17 22:54:52,55.537
2026-03-17 22:59:52,53.176
2026-03-17 23:04:52,52.551
2026-03-17 23:09:52,52.551
2026-03-17 23:14:53,52.551
2026-03-17 23:19:53,51.926
2026-03-17 23:24:53,52.551
2026-03-17 23:29:53,51.926
2026-03-17 23:34:53,53.801
2026-03-17 23:39:53,52.551
2026-03-17 23:44:53,52.551
2026-03-17 23:49:53,53.176
2026-03-17 23:54:53,52.551
2026-03-17 23:59:53,52.551
2026-03-18 00:04:53,52.551
2026-03-18 00:09:53,55.537
2026-03-18 00:14:53,53.176
2026-03-18 00:19:53,52.551
2026-03-18 00:24:54,52.551
2026-03-18 00:29:54,52.551
2026-03-18 00:34:54,52.551
2026-03-18 00:39:54,51.926
2026-03-18 00:44:54,52.551
2026-03-18 00:49:54,54.426
2026-03-18 00:54:54,53.176
2026-03-18 00:59:54,52.551
2026-03-18 01:04:54,52.551
2026-03-18 01:09:54,51.926
2026-03-18 01:14:54,51.926
2026-03-18 01:19:54,51.926
2026-03-18 01:24:54,54.426
2026-03-18 01:29:54,53.176
2026-03-18 01:34:55,51.926
2026-03-18 01:39:55,51.926
2026-03-18 01:44:55,52.551
2026-03-18 01:49:55,51.926
2026-03-18 01:54:55,51.926
2026-03-18 01:59:55,52.551
2026-03-18 02:04:55,54.981
2026-03-18 02:09:55,52.551
2026-03-18 02:14:55,51.926
2026-03-18 02:19:55,51.926
2026-03-18 02:24:55,52.551
2026-03-18 02:29:55,52.551
2026-03-18 02:34:55,51.926
2026-03-18 02:39:55,52.551
2026-03-18 02:44:55,54.426
2026-03-18 02:49:56,52.551
2026-03-18 02:54:56,52.551
2026-03-18 02:59:56,52.551
2026-03-18 03:04:56,52.551
2026-03-18 03:09:56,52.551
2026-03-18 03:14:56,51.926
2026-03-18 03:19:56,55.537
2026-03-18 03:24:56,53.176
2026-03-18 03:29:56,52.551
2026-03-18 03:34:56,52.551
2026-03-18 03:39:56,52.551
2026-03-18 03:44:56,53.176
2026-03-18 03:49:56,51.926
2026-03-18 03:54:56,51.926
2026-03-18 03:59:57,53.801
2026-03-18 04:04:57,53.176
2026-03-18 04:09:57,52.551
2026-03-18 04:14:57,52.551
2026-03-18 04:19:57,52.551
2026-03-18 04:24:57,52.551
2026-03-18 04:29:57,52.551
2026-03-18 04:34:57,54.981
2026-03-18 04:39:57,53.801
2026-03-18 04:44:57,52.551
2026-03-18 04:49:57,53.176
2026-03-18 04:54:57,53.801
2026-03-18 04:59:58,53.801
2026-03-18 05:04:58,52.551
2026-03-18 05:09:58,51.926
2026-03-18 05:14:58,54.426
2026-03-18 05:19:58,53.176
2026-03-18 05:24:58,52.551
2026-03-18 05:29:58,52.551
2026-03-18 05:34:58,51.926
2026-03-18 05:39:58,51.926
2026-03-18 05:44:58,51.926
2026-03-18 05:49:58,53.801
2026-03-18 05:54:58,53.176
2026-03-18 05:59:59,52.551
2026-03-18 06:04:59,52.551
2026-03-18 06:09:59,52.551
2026-03-18 06:14:59,53.176
2026-03-18 06:19:59,54.426
2026-03-18 06:24:59,52.551
2026-03-18 06:29:59,56.092
2026-03-18 06:34:59,53.176
2026-03-18 06:39:59,53.801
2026-03-18 06:44:59,53.176
2026-03-18 06:49:59,52.551
2026-03-18 06:54:59,53.176
2026-03-18 07:00:00,52.551
2026-03-18 07:05:00,53.176
2026-03-18 07:10:00,54.981
2026-03-18 07:15:00,53.801
2026-03-18 07:20:00,53.801
2026-03-18 07:25:00,56.092
2026-03-18 07:30:00,54.426
2026-03-18 07:35:00,53.801
2026-03-18 07:40:00,53.801
2026-03-18 07:45:00,53.176
2026-03-18 07:50:00,54.426
2026-03-18 07:55:00,53.801
2026-03-18 08:00:00,55.537
2026-03-18 08:05:00,54.426
2026-03-18 08:10:00,54.426
2026-03-18 08:15:01,55.537
2026-03-18 08:20:01,54.426
2026-03-18 08:25:01,54.426
2026-03-18 08:30:01,53.801
2026-03-18 08:35:01,57.203
2026-03-18 08:40:01,54.426
2026-03-18 08:45:01,54.426
2026-03-18 08:50:01,54.426
2026-03-18 08:55:01,54.426
2026-03-18 09:00:01,53.801
2026-03-18 09:05:01,53.801
2026-03-18 09:10:01,54.426
2026-03-18 09:15:01,54.981
2026-03-18 09:20:02,54.426
2026-03-18 09:25:02,54.426
2026-03-18 09:30:02,55.537
2026-03-18 09:35:02,53.801
2026-03-18 09:40:02,53.801
2026-03-18 09:45:02,53.801
2026-03-18 09:50:02,56.092
2026-03-18 09:55:02,54.426
2026-03-18 10:00:02,54.426
2026-03-18 10:05:02,53.801
2026-03-18 10:10:02,53.801
2026-03-18 10:15:02,54.426
2026-03-18 10:20:02,56.092
2026-03-18 10:25:02,56.648
2026-03-18 10:30:03,56.648
2026-03-18 10:35:03,55.537
2026-03-18 10:40:03,55.537
2026-03-18 10:45:03,55.537
2026-03-18 10:50:03,54.981
2026-03-18 10:55:03,54.981
2026-03-18 11:00:03,57.759
2026-03-18 11:05:03,54.981
2026-03-18 11:10:03,54.426
2026-03-18 11:15:03,54.426
2026-03-18 11:20:03,54.426
2026-03-18 11:25:03,54.426
2026-03-18 11:30:03,53.801
2026-03-18 11:35:04,56.648
2026-03-18 11:40:04,54.981
2026-03-18 11:45:04,54.426
2026-03-18 11:50:04,54.426
2026-03-18 11:55:04,53.801
2026-03-18 12:00:04,53.801
2026-03-18 12:05:04,53.801
2026-03-18 12:10:04,53.801
2026-03-18 12:15:04,57.203
2026-03-18 12:20:04,54.426
2026-03-18 12:25:04,54.981
2026-03-18 12:30:04,54.426
2026-03-18 12:35:04,53.801
2026-03-18 12:40:05,53.801
2026-03-18 12:45:05,53.801
2026-03-18 12:50:05,56.648
2026-03-18 12:55:05,54.981
2026-03-18 13:00:05,54.981
2026-03-18 13:05:05,54.426
2026-03-18 13:10:05,54.426
2026-03-18 13:15:05,53.801
2026-03-18 13:20:05,54.426
2026-03-18 13:25:05,53.801
2026-03-18 13:30:05,54.981
2026-03-18 13:35:05,54.426
2026-03-18 13:40:05,53.801
2026-03-18 13:45:06,53.801
2026-03-18 13:50:06,53.801
2026-03-18 13:55:06,53.176
2026-03-18 14:00:06,53.801
2026-03-18 14:05:06,56.648
2026-03-18 14:10:06,54.426
2026-03-18 14:15:06,53.801
2026-03-18 14:20:06,53.801
2026-03-18 14:25:06,53.176
2026-03-18 14:30:06,53.176
2026-03-18 14:35:06,52.551
2026-03-18 14:40:06,53.801
2026-03-18 14:45:06,53.801
2026-03-18 14:50:07,53.176
2026-03-18 14:55:07,53.176
2026-03-18 15:00:07,53.176
2026-03-18 15:05:07,53.176
2026-03-18 15:10:07,52.551
2026-03-18 15:15:07,52.551
2026-03-18 15:20:07,55.537
2026-03-18 15:25:07,53.801
2026-03-18 15:30:07,53.801
2026-03-18 15:35:07,53.176
2026-03-18 15:40:07,52.551
2026-03-18 15:45:07,52.551
2026-03-18 15:50:07,51.926
2026-03-18 15:55:07,54.426
2026-03-18 16:00:08,53.176
2026-03-18 16:05:08,52.551
2026-03-18 16:10:08,52.551
2026-03-18 16:15:08,52.551
2026-03-18 16:20:08,52.551
2026-03-18 16:25:08,52.551
2026-03-18 16:30:08,52.551
2026-03-18 16:35:08,54.981
2026-03-18 16:40:08,53.176
2026-03-18 16:45:08,53.176
2026-03-18 16:50:08,51.926
2026-03-18 16:55:08,52.551
2026-03-18 17:00:08,51.926
2026-03-18 17:05:09,52.551
2026-03-18 17:10:09,54.981
2026-03-18 17:15:09,53.176
2026-03-18 17:20:09,52.551
2026-03-18 17:25:09,52.551
2026-03-18 17:30:09,52.551
2026-03-18 17:35:09,51.926
2026-03-18 17:40:09,51.926
2026-03-18 17:45:09,51.926
2026-03-18 17:50:09,53.801
2026-03-18 17:55:09,52.551
2026-03-18 18:00:09,53.176
2026-03-18 18:05:10,52.551
2026-03-18 18:10:10,51.926
2026-03-18 18:15:10,51.926
2026-03-18 18:20:10,51.926
2026-03-18 18:25:10,55.537
2026-03-18 18:30:10,57.203
2026-03-18 18:35:10,52.551
2026-03-18 18:40:10,51.926
2026-03-18 18:45:10,51.926
2026-03-18 18:50:10,52.551
2026-03-18 18:55:10,51.926
2026-03-18 19:00:10,52.551
2026-03-18 19:05:10,54.426
2026-03-18 19:10:11,52.551
2026-03-18 19:15:11,53.176
2026-03-18 19:20:11,51.926
2026-03-18 19:25:11,51.926
2026-03-18 19:30:11,52.551
2026-03-18 19:35:11,51.926
2026-03-18 19:40:11,54.981
2026-03-18 19:45:11,53.176
2026-03-18 19:50:11,52.551
2026-03-18 19:55:11,52.551
2026-03-18 20:00:11,53.176
2026-03-18 20:05:11,52.551
2026-03-18 20:10:11,51.926
2026-03-18 20:15:11,51.926
2026-03-18 20:20:12,56.092
2026-03-18 20:25:12,53.176
2026-03-18 20:30:12,61.092
2026-03-18 20:35:12,53.801
2026-03-18 20:40:12,52.551
2026-03-18 20:45:12,51.926
2026-03-18 20:50:12,52.551
2026-03-18 20:55:12,51.926
2026-03-18 21:00:12,54.981
2026-03-18 21:05:12,53.176
2026-03-18 21:10:12,52.551
2026-03-18 21:15:12,52.551
2026-03-18 21:20:13,51.926
2026-03-18 21:25:13,51.926
2026-03-18 21:30:13,51.926
2026-03-18 21:35:13,52.551
2026-03-18 21:40:13,54.426
2026-03-18 21:45:13,53.801
2026-03-18 21:50:13,53.176
2026-03-18 21:55:13,53.176
2026-03-18 22:00:13,53.176
2026-03-18 22:05:13,53.176
2026-03-18 22:10:13,53.801
2026-03-18 22:15:13,54.981
2026-03-18 22:20:13,53.176
2026-03-18 22:25:14,52.551
2026-03-18 22:30:14,52.551
2026-03-18 22:35:14,52.551
2026-03-18 22:40:14,52.551
2026-03-18 22:45:14,51.926
2026-03-18 22:50:14,51.926
2026-03-18 22:55:14,54.426
2026-03-18 23:00:14,53.801
2026-03-18 23:05:14,52.551
2026-03-18 23:10:14,52.551
2026-03-18 23:15:14,51.926
2026-03-18 23:20:14,51.926
2026-03-18 23:25:15,52.551
2026-03-18 23:30:15,54.981
2026-03-18 23:35:15,53.176
2026-03-18 23:40:15,52.551
2026-03-18 23:45:15,52.551
2026-03-18 23:50:15,52.551
2026-03-18 23:55:15,51.926
2026-03-19 00:00:15,51.926
2026-03-19 00:05:15,51.926
2026-03-19 00:10:15,53.801
2026-03-19 00:15:15,53.176
2026-03-19 00:20:15,52.551
2026-03-19 00:25:15,51.926
2026-03-19 00:30:15,52.551
2026-03-19 00:35:16,52.551
2026-03-19 00:40:16,52.551
2026-03-19 00:45:16,54.981
2026-03-19 00:50:16,52.551
2026-03-19 00:55:16,52.551
2026-03-19 01:00:16,51.926
2026-03-19 01:05:16,52.551
2026-03-19 01:10:16,51.926
2026-03-19 01:15:16,51.926
2026-03-19 01:20:16,51.926
2026-03-19 01:25:16,53.801
2026-03-19 01:30:16,52.551
2026-03-19 01:35:16,52.551
2026-03-19 01:40:16,52.551
2026-03-19 01:45:17,52.551
2026-03-19 01:50:17,52.551
2026-03-19 01:55:17,51.926
2026-03-19 02:00:17,54.426
2026-03-19 02:05:17,52.551
2026-03-19 02:10:17,51.926
2026-03-19 02:15:17,51.926
2026-03-19 02:20:17,51.926
2026-03-19 02:25:17,51.926
2026-03-19 02:30:17,51.926
2026-03-19 02:35:17,51.926
2026-03-19 02:40:17,54.981
2026-03-19 02:45:17,51.926
2026-03-19 02:50:17,52.551
2026-03-19 02:55:17,51.926
2026-03-19 03:00:17,51.301
2026-03-19 03:05:18,51.926
2026-03-19 03:10:18,51.926
2026-03-19 03:15:18,54.426
2026-03-19 03:20:18,52.551
2026-03-19 03:25:18,51.926
2026-03-19 03:30:18,51.926
2026-03-19 03:35:18,51.926
2026-03-19 03:40:18,51.926
2026-03-19 03:45:18,52.551
2026-03-19 03:50:18,53.176
2026-03-19 03:55:18,54.426
2026-03-19 04:00:18,53.176
2026-03-19 04:05:19,51.926
2026-03-19 04:10:19,52.551
2026-03-19 04:15:19,52.551
2026-03-19 04:20:19,52.551
2026-03-19 04:25:19,52.551
2026-03-19 04:30:19,54.981
2026-03-19 04:35:19,53.176
2026-03-19 04:40:19,52.551
2026-03-19 04:45:19,52.551
2026-03-19 04:50:19,52.551
2026-03-19 04:55:19,51.926
2026-03-19 05:00:20,51.926
2026-03-19 05:05:20,52.551
2026-03-19 05:10:20,56.092
2026-03-19 05:15:20,52.551
2026-03-19 05:20:20,53.176
2026-03-19 05:25:20,52.551
2026-03-19 05:30:20,53.176
2026-03-19 05:35:20,51.926
2026-03-19 05:40:20,51.926
2026-03-19 05:45:20,54.426
2026-03-19 05:50:20,52.551
2026-03-19 05:55:20,52.551
2026-03-19 06:00:20,51.926
2026-03-19 06:05:20,51.926
2026-03-19 06:10:20,51.926
2026-03-19 06:15:21,51.926
2026-03-19 06:20:21,53.801
2026-03-19 06:25:21,53.801
2026-03-19 06:30:21,52.551
2026-03-19 06:35:21,52.551
2026-03-19 06:40:21,52.551
2026-03-19 06:45:21,52.551
2026-03-19 06:50:21,52.551
2026-03-19 06:55:21,51.926
2026-03-19 07:00:21,56.092
2026-03-19 07:05:21,53.176
2026-03-19 07:10:21,52.551
2026-03-19 07:15:21,51.926
2026-03-19 07:20:22,51.926
2026-03-19 07:25:22,51.926
2026-03-19 07:30:22,51.926
2026-03-19 07:35:22,53.801
2026-03-19 07:40:22,52.551
2026-03-19 07:45:22,51.926
2026-03-19 07:50:22,51.926
2026-03-19 07:55:22,51.301
2026-03-19 08:00:22,51.301
2026-03-19 08:05:22,51.301
2026-03-19 08:10:22,51.301
2026-03-19 08:15:22,54.426
2026-03-19 08:20:22,52.551
2026-03-19 08:25:22,52.551
2026-03-19 08:30:22,53.176
2026-03-19 08:35:23,52.551
2026-03-19 08:40:23,51.926
2026-03-19 08:45:23,51.926
2026-03-19 08:50:23,54.981
2026-03-19 08:55:23,53.176
2026-03-19 09:00:23,52.551
2026-03-19 09:05:23,51.926
2026-03-19 09:10:23,51.926
2026-03-19 09:15:23,51.926
2026-03-19 09:20:23,51.926
2026-03-19 09:25:23,53.801
2026-03-19 09:30:23,53.176
2026-03-19 09:35:23,52.551
2026-03-19 09:40:23,52.551
2026-03-19 09:45:23,52.551
2026-03-19 09:50:24,52.551
2026-03-19 09:55:24,51.926
2026-03-19 10:00:24,52.551
2026-03-19 10:05:24,54.426
2026-03-19 10:10:24,53.176
2026-03-19 10:15:24,53.176
2026-03-19 10:20:24,52.551
2026-03-19 10:25:24,51.926
2026-03-19 10:30:24,51.926
2026-03-19 10:35:24,51.926
2026-03-19 10:40:24,54.426
2026-03-19 10:45:24,53.176
2026-03-19 10:50:24,52.551
2026-03-19 10:55:24,51.926
2026-03-19 11:00:25,51.926
2026-03-19 11:05:25,51.926
2026-03-19 11:10:25,51.926
2026-03-19 11:15:25,51.926
2026-03-19 11:20:25,53.176
2026-03-19 11:25:25,52.551
2026-03-19 11:30:25,53.801
2026-03-19 11:35:25,51.926
2026-03-19 11:40:25,51.926
2026-03-19 11:45:25,51.926
2026-03-19 11:50:25,51.301
2026-03-19 11:55:25,54.981
2026-03-19 12:00:26,52.551
2026-03-19 12:05:26,51.926
2026-03-19 12:10:26,51.301
2026-03-19 12:15:26,51.301
2026-03-19 12:20:26,51.301
2026-03-19 12:25:26,51.301
2026-03-19 12:30:26,51.926
2026-03-19 12:35:26,52.551
2026-03-19 12:40:26,51.926
2026-03-19 12:45:26,51.926
2026-03-19 12:50:26,51.301
2026-03-19 12:55:26,50.676
2026-03-19 13:00:26,50.676
2026-03-19 13:05:27,51.301
2026-03-19 13:10:27,54.426
2026-03-19 13:15:27,51.926
2026-03-19 13:20:27,51.301
2026-03-19 13:25:27,50.676
2026-03-19 13:30:27,50.676
2026-03-19 13:35:27,50.676
2026-03-19 13:40:27,51.301
2026-03-19 13:45:27,53.176
2026-03-19 13:50:27,51.926
2026-03-19 13:55:27,51.926
2026-03-19 14:00:27,51.301
2026-03-19 14:05:28,50.676
2026-03-19 14:10:28,50.676
2026-03-19 14:15:28,50.676
2026-03-19 14:20:28,50.676
2026-03-19 14:25:28,51.926
2026-03-19 14:30:28,51.301
2026-03-19 14:35:28,50.676
2026-03-19 14:40:28,51.301
2026-03-19 14:45:28,50.676
2026-03-19 14:50:28,50.676
2026-03-19 14:55:28,50.676
2026-03-19 15:00:28,53.801
2026-03-19 15:05:28,51.301
2026-03-19 15:10:28,51.926
2026-03-19 15:15:28,50.676
2026-03-19 15:20:29,50.676
2026-03-19 15:25:29,50.051
2026-03-19 15:30:29,50.676
2026-03-19 15:35:29,52.551
2026-03-19 15:40:29,51.301
2026-03-19 15:45:29,50.676
2026-03-19 15:50:29,50.676
2026-03-19 15:55:29,50.676
2026-03-19 16:00:29,50.051
2026-03-19 16:05:29,50.676
2026-03-19 16:10:29,50.676
2026-03-19 16:15:29,53.176
2026-03-19 16:20:29,51.301
2026-03-19 16:25:29,50.676
2026-03-19 16:30:29,50.676
2026-03-19 16:35:29,50.051
2026-03-19 16:40:30,50.051
2026-03-19 16:45:30,50.676
2026-03-19 16:50:30,52.551
2026-03-19 16:55:30,51.301
2026-03-19 17:00:30,50.676
2026-03-19 17:05:30,50.676
2026-03-19 17:10:30,50.051
2026-03-19 17:15:30,50.051
2026-03-19 17:20:30,50.051
2026-03-19 17:25:30,50.051
2026-03-19 17:30:30,51.926
2026-03-19 17:35:30,50.676
2026-03-19 17:40:30,50.051
2026-03-19 17:45:30,50.676
2026-03-19 17:50:31,50.051
2026-03-19 17:55:31,50.051
2026-03-19 18:00:31,50.676
2026-03-19 18:05:31,53.801
2026-03-19 18:10:31,50.676
2026-03-19 18:15:31,50.676
2026-03-19 18:20:31,50.051
2026-03-19 18:25:31,50.051
2026-03-19 18:30:31,51.926
2026-03-19 18:35:31,50.051
2026-03-19 18:40:31,52.551
2026-03-19 18:45:31,51.926
2026-03-19 18:50:31,50.676
2026-03-19 18:55:32,50.676
2026-03-19 19:00:32,50.676
2026-03-19 19:05:32,53.176
2026-03-19 19:10:32,51.301
2026-03-19 19:15:32,50.051
2026-03-19 19:20:32,51.301
2026-03-19 19:25:32,50.676
2026-03-19 19:30:32,50.676
2026-03-19 19:35:32,50.051
2026-03-19 19:40:32,50.051
2026-03-19 19:45:32,50.051
2026-03-19 19:50:32,50.051
2026-03-19 19:55:33,52.551
2026-03-19 20:00:33,51.926
2026-03-19 20:05:33,50.051
2026-03-19 20:10:33,50.051
2026-03-19 20:15:33,50.051
2026-03-19 20:20:33,50.676
2026-03-19 20:25:33,49.426
2026-03-19 20:30:33,57.203
2026-03-19 20:35:33,51.301
2026-03-19 20:40:33,51.301
2026-03-19 20:45:33,50.676
2026-03-19 20:50:33,50.051
2026-03-19 20:55:34,50.051
2026-03-19 21:00:34,49.426
2026-03-19 21:05:34,50.051
2026-03-19 21:10:34,49.426
2026-03-19 21:15:34,52.551
2026-03-19 21:20:34,50.051
2026-03-19 21:25:34,50.051
2026-03-19 21:30:34,50.051
2026-03-19 21:35:34,50.051
2026-03-19 21:40:34,50.676
2026-03-19 21:45:34,49.426
2026-03-19 21:50:34,49.426
2026-03-19 21:55:34,51.301
2026-03-19 22:00:35,50.051
2026-03-19 22:05:35,50.051
2026-03-19 22:10:35,49.426
2026-03-19 22:15:35,49.426
2026-03-19 22:20:35,49.426
2026-03-19 22:25:35,49.426
2026-03-19 22:30:35,52.551
2026-03-19 22:35:35,50.051
2026-03-19 22:40:35,50.051
2026-03-19 22:45:35,50.051
2026-03-19 22:50:35,50.676
2026-03-19 22:55:36,49.426
2026-03-19 23:00:36,49.426
2026-03-19 23:05:36,49.426
2026-03-19 23:10:36,50.676
2026-03-19 23:15:36,50.051
2026-03-19 23:20:36,49.426
2026-03-19 23:25:36,49.426
2026-03-19 23:30:36,49.426
2026-03-19 23:35:36,49.426
2026-03-19 23:40:36,49.426
2026-03-19 23:45:36,51.926
2026-03-19 23:50:36,49.426
2026-03-19 23:55:36,50.051
2026-03-20 00:00:37,49.426
2026-03-20 00:05:37,49.426
2026-03-20 00:10:37,49.426
2026-03-20 00:15:37,49.426
2026-03-20 00:20:37,49.426
2026-03-20 00:25:37,50.676
2026-03-20 00:30:37,50.051
2026-03-20 00:35:37,50.051
2026-03-20 00:40:37,50.051
2026-03-20 00:45:37,50.051
2026-03-20 00:50:37,49.426
2026-03-20 00:55:37,50.676
2026-03-20 01:00:37,51.301
2026-03-20 01:05:37,50.051
2026-03-20 01:10:38,49.426
2026-03-20 01:15:38,49.426
2026-03-20 01:20:38,49.426
2026-03-20 01:25:38,48.87
2026-03-20 01:30:38,49.426
2026-03-20 01:35:38,50.676
2026-03-20 01:40:38,50.051
2026-03-20 01:45:38,49.426
2026-03-20 01:50:38,50.051
2026-03-20 01:55:38,49.426
2026-03-20 02:00:38,49.426
2026-03-20 02:05:38,49.426
2026-03-20 02:10:38,48.87
2026-03-20 02:15:38,51.301
2026-03-20 02:20:38,49.426
2026-03-20 02:25:38,49.426
2026-03-20 02:30:39,49.426
2026-03-20 02:35:39,49.426
2026-03-20 02:40:39,49.426
2026-03-20 02:45:39,49.426
2026-03-20 02:50:39,51.926
2026-03-20 02:55:39,50.051
2026-03-20 03:00:39,49.426
2026-03-20 03:05:39,49.426
2026-03-20 03:10:39,49.426
2026-03-20 03:15:39,49.426
2026-03-20 03:20:39,49.426
2026-03-20 03:25:39,50.676
2026-03-20 03:30:39,50.051
2026-03-20 03:35:40,49.426
2026-03-20 03:40:40,49.426
2026-03-20 03:45:40,49.426
2026-03-20 03:50:40,50.051
2026-03-20 03:55:40,48.87
2026-03-20 04:00:40,48.87
2026-03-20 04:05:40,51.926
2026-03-20 04:10:40,49.426
2026-03-20 04:15:40,48.87
2026-03-20 04:20:40,48.87
2026-03-20 04:25:40,48.87
2026-03-20 04:30:40,48.87
2026-03-20 04:35:40,48.87
2026-03-20 04:40:40,50.676
2026-03-20 04:45:40,50.051
2026-03-20 04:50:40,49.426
2026-03-20 04:55:40,49.426
2026-03-20 05:00:40,49.426
2026-03-20 05:05:41,50.051
2026-03-20 05:10:41,48.87
2026-03-20 05:15:41,50.676
2026-03-20 05:20:41,51.301
2026-03-20 05:25:41,49.426
2026-03-20 05:30:41,49.426
2026-03-20 05:35:41,49.426
2026-03-20 05:40:41,48.87
2026-03-20 05:45:41,48.87
2026-03-20 05:50:41,48.87
2026-03-20 05:55:41,52.551
2026-03-20 06:00:41,50.051
2026-03-20 06:05:41,49.426
2026-03-20 06:10:42,48.87
2026-03-20 06:15:42,49.426
2026-03-20 06:20:42,49.426
2026-03-20 06:25:42,49.426
2026-03-20 06:30:42,51.926
2026-03-20 06:35:42,50.676
2026-03-20 06:40:42,50.051
2026-03-20 06:45:42,50.051
2026-03-20 06:50:42,50.051
2026-03-20 06:55:42,50.676
2026-03-20 07:00:42,49.426
2026-03-20 07:05:43,50.051
2026-03-20 07:10:43,52.551
2026-03-20 07:15:43,50.676
2026-03-20 07:20:43,50.051
2026-03-20 07:25:43,49.426
2026-03-20 07:30:43,50.051
2026-03-20 07:35:43,49.426
2026-03-20 07:40:43,50.051
2026-03-20 07:45:43,52.551
2026-03-20 07:50:43,51.301
2026-03-20 07:55:43,49.426
2026-03-20 08:00:43,49.426
2026-03-20 08:05:43,49.426
2026-03-20 08:10:43,49.426
2026-03-20 08:15:44,49.426
2026-03-20 08:20:44,48.87
2026-03-20 08:25:44,50.676
2026-03-20 08:30:44,49.426
2026-03-20 08:35:44,49.426
2026-03-20 08:40:44,49.426
2026-03-20 08:45:44,48.87
2026-03-20 08:50:44,48.87
2026-03-20 08:55:44,48.87
2026-03-20 09:00:44,52.551
2026-03-20 09:05:44,50.051
2026-03-20 09:10:44,49.426
2026-03-20 09:15:45,49.426
2026-03-20 09:20:45,48.87
2026-03-20 09:25:45,48.87
2026-03-20 09:30:45,49.426
2026-03-20 09:35:45,49.426
2026-03-20 09:40:45,50.676
2026-03-20 09:45:45,50.051
2026-03-20 09:50:45,50.676
2026-03-20 09:55:45,50.676
2026-03-20 10:00:45,50.676
2026-03-20 10:05:45,50.676
2026-03-20 10:10:45,50.051
2026-03-20 10:15:45,52.551
2026-03-20 10:20:46,51.301
2026-03-20 10:25:46,50.676
2026-03-20 10:30:46,50.051
2026-03-20 10:35:46,50.051
2026-03-20 10:40:46,50.051
2026-03-20 10:45:46,50.051
2026-03-20 10:50:46,50.051
2026-03-20 10:55:46,51.926
2026-03-20 11:00:46,50.676
2026-03-20 11:05:46,50.676
2026-03-20 11:10:46,50.676
2026-03-20 11:15:46,50.051
2026-03-20 11:20:46,50.676
2026-03-20 11:25:46,50.051
2026-03-20 11:30:46,53.176
2026-03-20 11:35:46,51.301
2026-03-20 11:40:46,50.676
2026-03-20 11:45:47,50.676
2026-03-20 11:50:47,50.676
2026-03-20 11:55:47,50.676
2026-03-20 12:00:47,50.051
2026-03-20 12:05:47,50.051
2026-03-20 12:10:47,51.926
2026-03-20 12:15:47,50.676
2026-03-20 12:20:47,50.051
2026-03-20 12:25:47,50.051
2026-03-20 12:30:47,50.051
2026-03-20 12:35:47,50.676
2026-03-20 12:40:47,50.051
2026-03-20 12:45:47,53.176
2026-03-20 12:50:48,51.301
2026-03-20 12:55:48,49.426
2026-03-20 13:00:48,49.426
2026-03-20 13:05:48,49.426
2026-03-20 13:10:48,49.426
2026-03-20 13:15:48,48.87
2026-03-20 13:20:48,48.87
2026-03-20 13:25:48,50.051
2026-03-20 13:30:48,49.426
2026-03-20 13:35:48,49.426
2026-03-20 13:40:48,49.426
2026-03-20 13:45:48,48.87
2026-03-20 13:50:48,48.87
2026-03-20 13:55:49,49.426
2026-03-20 14:00:49,52.551
2026-03-20 14:05:49,49.426
2026-03-20 14:10:49,49.426
2026-03-20 14:15:49,48.87
2026-03-20 14:20:49,49.426
2026-03-20 14:25:49,49.426
2026-03-20 14:30:49,48.87
2026-03-20 14:35:49,48.87
2026-03-20 14:40:49,50.676
2026-03-20 14:45:49,48.87
2026-03-20 14:50:49,48.87
2026-03-20 14:55:49,48.87
2026-03-20 15:00:49,48.314
2026-03-20 15:05:50,48.87
2026-03-20 15:10:50,48.87
2026-03-20 15:15:50,52.551
2026-03-20 15:20:50,49.426
2026-03-20 15:25:50,48.87
2026-03-20 15:30:50,48.314
2026-03-20 15:35:50,48.87
2026-03-20 15:40:50,48.314
2026-03-20 15:45:50,48.314
2026-03-20 15:50:50,50.676
2026-03-20 15:55:50,50.051
2026-03-20 16:00:50,48.87
2026-03-20 16:05:50,48.87
2026-03-20 16:10:50,48.87
2026-03-20 16:15:50,48.314
2026-03-20 16:20:51,48.314
2026-03-20 16:25:51,48.87
2026-03-20 16:30:51,51.926
2026-03-20 16:35:51,48.87
2026-03-20 16:40:51,48.314
2026-03-20 16:45:51,48.314
2026-03-20 16:50:51,48.314
2026-03-20 16:55:51,48.314
2026-03-20 17:00:51,48.314
2026-03-20 17:05:51,50.676
2026-03-20 17:10:51,48.87
2026-03-20 17:15:51,48.87
2026-03-20 17:20:51,48.314
2026-03-20 17:25:52,48.314
2026-03-20 17:30:52,48.314
2026-03-20 17:35:52,48.87
2026-03-20 17:40:52,51.301
2026-03-20 17:45:52,49.426
2026-03-20 17:50:52,48.314
2026-03-20 17:55:52,48.314
2026-03-20 18:00:52,48.314
2026-03-20 18:05:52,48.314
2026-03-20 18:10:52,48.314
2026-03-20 18:15:52,48.314
2026-03-20 18:20:52,50.676
2026-03-20 18:25:52,48.87
2026-03-20 18:30:52,49.426
2026-03-20 18:35:53,48.87
2026-03-20 18:40:53,48.314
2026-03-20 18:45:53,48.314
2026-03-20 18:50:53,48.87
2026-03-20 18:55:53,51.301
2026-03-20 19:00:53,48.87
2026-03-20 19:05:53,48.314
2026-03-20 19:10:53,48.314
2026-03-20 19:15:53,48.314
2026-03-20 19:20:53,48.314
2026-03-20 19:25:53,47.759
2026-03-20 19:30:53,47.759
2026-03-20 19:35:54,49.426
2026-03-20 19:40:54,48.87
2026-03-20 19:45:54,48.314
2026-03-20 19:50:54,48.87
2026-03-20 19:55:54,48.87
2026-03-20 20:00:54,48.314
2026-03-20 20:05:54,48.314
2026-03-20 20:10:54,52.551
2026-03-20 20:15:54,48.87
2026-03-20 20:20:54,48.314
2026-03-20 20:25:54,48.314
2026-03-20 20:30:54,56.648
2026-03-20 20:35:55,48.87
2026-03-20 20:40:55,48.87
2026-03-20 20:45:55,48.314
2026-03-20 20:50:55,50.676
2026-03-20 20:55:55,49.426
2026-03-20 21:00:55,48.314
2026-03-20 21:05:55,48.314
2026-03-20 21:10:55,48.314
2026-03-20 21:15:55,48.314
2026-03-20 21:20:55,48.87
2026-03-20 21:25:55,47.759
2026-03-20 21:30:55,50.051
2026-03-20 21:35:55,48.314
2026-03-20 21:40:55,47.759
2026-03-20 21:45:55,47.759
2026-03-20 21:50:56,47.759
2026-03-20 21:55:56,47.759
2026-03-20 22:00:56,47.759
2026-03-20 22:05:56,50.051
2026-03-20 22:10:56,48.314
2026-03-20 22:15:56,48.314
2026-03-20 22:20:56,48.314
2026-03-20 22:25:56,47.759
2026-03-20 22:30:56,47.759
2026-03-20 22:35:56,47.203
2026-03-20 22:40:56,47.759
2026-03-20 22:45:56,48.87
2026-03-20 22:50:56,47.759
2026-03-20 22:55:57,47.759
2026-03-20 23:00:57,47.759
2026-03-20 23:05:57,47.203
2026-03-20 23:10:57,47.759
2026-03-20 23:15:57,47.759
2026-03-20 23:20:57,50.676
2026-03-20 23:25:57,47.759
2026-03-20 23:30:57,47.759
2026-03-20 23:35:57,47.759
2026-03-20 23:40:57,47.759
2026-03-20 23:45:57,47.203
2026-03-20 23:50:57,47.759
2026-03-20 23:55:57,47.759
2026-03-21 00:00:57,48.314
2026-03-21 00:05:58,47.759
2026-03-21 00:10:58,47.759
2026-03-21 00:15:58,47.759
2026-03-21 00:20:58,47.203
2026-03-21 00:25:58,47.203
2026-03-21 00:30:58,47.203
2026-03-21 00:35:58,50.051
2026-03-21 00:40:58,47.759
2026-03-21 00:45:58,47.759
2026-03-21 00:50:58,47.759
2026-03-21 00:55:58,47.203
2026-03-21 01:00:58,47.759
2026-03-21 01:05:59,47.203
2026-03-21 01:10:59,48.87
2026-03-21 01:15:59,49.426
2026-03-21 01:20:59,47.759
2026-03-21 01:25:59,47.203
2026-03-21 01:30:59,47.203
2026-03-21 01:35:59,47.203
2026-03-21 01:40:59,47.203
2026-03-21 01:45:59,47.203
2026-03-21 01:50:59,50.051
2026-03-21 01:55:59,47.759
2026-03-21 02:00:59,47.759
2026-03-21 02:05:59,47.203
2026-03-21 02:10:59,47.203
2026-03-21 02:16:00,48.314
2026-03-21 02:21:00,48.314
2026-03-21 02:26:00,47.759
2026-03-21 02:31:00,49.426
2026-03-21 02:36:00,47.759
2026-03-21 02:41:00,47.759
2026-03-21 02:46:00,47.203
2026-03-21 02:51:00,47.203
2026-03-21 02:56:00,47.759
2026-03-21 03:01:00,47.759
2026-03-21 03:06:00,50.051
2026-03-21 03:11:00,48.314
2026-03-21 03:16:01,47.759
2026-03-21 03:21:01,47.759
2026-03-21 03:26:01,47.759
2026-03-21 03:31:01,48.314
2026-03-21 03:36:01,48.314
2026-03-21 03:41:01,48.314
2026-03-21 03:46:01,50.051
2026-03-21 03:51:01,48.314
2026-03-21 03:56:01,48.314
2026-03-21 04:01:01,48.314
2026-03-21 04:06:01,48.314
2026-03-21 04:11:01,48.314
2026-03-21 04:16:01,48.314
2026-03-21 04:21:02,51.926
2026-03-21 04:26:02,49.426
2026-03-21 04:31:02,48.87
2026-03-21 04:36:02,48.87
2026-03-21 04:41:02,48.314
2026-03-21 04:46:02,48.314
2026-03-21 04:51:02,48.314
2026-03-21 04:56:02,49.426
2026-03-21 05:01:02,49.426
2026-03-21 05:06:02,48.87
2026-03-21 05:11:02,48.87
2026-03-21 05:16:02,48.314
2026-03-21 05:21:02,48.87
2026-03-21 05:26:03,48.314
2026-03-21 05:31:03,48.314
2026-03-21 05:36:03,51.301
2026-03-21 05:41:03,48.87
2026-03-21 05:46:03,48.87
2026-03-21 05:51:03,48.87
2026-03-21 05:56:03,48.87
2026-03-21 06:01:03,49.426
2026-03-21 06:06:03,48.314
2026-03-21 06:11:03,49.426
2026-03-21 06:16:03,49.426
2026-03-21 06:21:03,48.314
2026-03-21 06:26:03,48.314
2026-03-21 06:31:04,48.314
2026-03-21 06:36:04,48.314
2026-03-21 06:41:04,48.87
2026-03-21 06:46:04,48.87
2026-03-21 06:51:04,53.176
2026-03-21 06:56:04,50.051
2026-03-21 07:01:04,48.87
2026-03-21 07:06:04,48.87
2026-03-21 07:11:04,48.87
2026-03-21 07:16:04,48.314
2026-03-21 07:21:04,48.87
2026-03-21 07:26:04,51.926
2026-03-21 07:31:04,50.676
2026-03-21 07:36:04,49.426
2026-03-21 07:41:04,49.426
2026-03-21 07:46:05,48.87
2026-03-21 07:51:05,49.426
2026-03-21 07:56:05,48.87
2026-03-21 08:01:05,48.87
2026-03-21 08:06:05,50.676
2026-03-21 08:11:05,49.426
2026-03-21 08:16:05,49.426
2026-03-21 08:21:05,49.426
2026-03-21 08:26:05,48.87
2026-03-21 08:31:05,49.426
2026-03-21 08:36:05,51.301
2026-03-21 08:41:05,49.426
2026-03-21 08:46:06,50.676
2026-03-21 08:51:06,51.301
2026-03-21 08:56:06,48.87
2026-03-21 09:01:06,49.426
2026-03-21 09:06:06,49.426
2026-03-21 09:11:06,49.426
2026-03-21 09:16:06,50.676
2026-03-21 09:21:06,52.551
2026-03-21 09:26:06,49.426
2026-03-21 09:31:06,49.426
2026-03-21 09:36:06,48.87
2026-03-21 09:41:06,48.87
2026-03-21 09:46:06,48.87
2026-03-21 09:51:06,48.87
2026-03-21 09:56:06,51.301
2026-03-21 10:01:06,50.051
2026-03-21 10:06:07,48.87
2026-03-21 10:11:07,48.87
2026-03-21 10:16:07,48.87
2026-03-21 10:21:07,48.314
2026-03-21 10:26:07,48.87
2026-03-21 10:31:07,48.87
2026-03-21 10:36:07,50.676
2026-03-21 10:41:07,49.426
2026-03-21 10:46:07,49.426
2026-03-21 10:51:07,49.426
2026-03-21 10:56:07,48.87
2026-03-21 11:01:07,49.426
2026-03-21 11:06:07,49.426
2026-03-21 11:11:08,53.176
2026-03-21 11:16:08,50.051
2026-03-21 11:21:08,50.051
2026-03-21 11:26:08,49.426
2026-03-21 11:31:08,49.426
2026-03-21 11:36:08,49.426
2026-03-21 11:41:08,49.426
2026-03-21 11:46:08,49.426
2026-03-21 11:51:08,50.676
2026-03-21 11:56:08,49.426
2026-03-21 12:01:08,49.426
2026-03-21 12:06:09,50.051
2026-03-21 12:11:09,48.87
2026-03-21 12:16:09,48.87
2026-03-21 12:21:09,48.87
2026-03-21 12:26:09,51.926
2026-03-21 12:31:09,49.426
2026-03-21 12:36:09,49.426
2026-03-21 12:41:09,48.87
2026-03-21 12:46:09,48.87
2026-03-21 12:51:09,48.87
2026-03-21 12:56:09,48.87
2026-03-21 13:01:09,49.426
2026-03-21 13:06:09,50.051
2026-03-21 13:11:09,48.87
2026-03-21 13:16:09,48.87
2026-03-21 13:21:09,48.87
2026-03-21 13:26:10,48.87
2026-03-21 13:31:10,48.87
2026-03-21 13:36:10,49.426
2026-03-21 13:41:10,52.551
2026-03-21 13:46:10,50.051
2026-03-21 13:51:10,49.426
2026-03-21 13:56:10,50.051
2026-03-21 14:01:10,49.426
2026-03-21 14:06:10,48.87
2026-03-21 14:11:10,48.87
2026-03-21 14:16:10,48.87
2026-03-21 14:21:10,50.051
2026-03-21 14:26:10,49.426
2026-03-21 14:31:10,48.87
2026-03-21 14:36:11,48.87
2026-03-21 14:41:11,48.87
2026-03-21 14:46:11,48.87
2026-03-21 14:51:11,48.87
2026-03-21 14:56:11,51.926
2026-03-21 15:01:11,50.051
2026-03-21 15:06:11,50.051
2026-03-21 15:11:11,50.676
2026-03-21 15:16:11,50.676
2026-03-21 15:21:11,49.426
2026-03-21 15:26:11,49.426
2026-03-21 15:31:11,48.87
2026-03-21 15:36:11,50.676
2026-03-21 15:41:12,49.426
2026-03-21 15:46:12,49.426
2026-03-21 15:51:12,48.87
2026-03-21 15:56:12,48.87
2026-03-21 16:01:12,48.87
2026-03-21 16:06:12,49.426
2026-03-21 16:11:12,51.926
2026-03-21 16:16:12,50.051
2026-03-21 16:21:12,48.87
2026-03-21 16:26:12,48.87
2026-03-21 16:31:12,48.87
2026-03-21 16:36:12,48.87
2026-03-21 16:41:12,48.87
2026-03-21 16:46:12,48.87
2026-03-21 16:51:13,52.551
2026-03-21 16:56:13,49.426
2026-03-21 17:01:13,48.87
2026-03-21 17:06:13,49.426
2026-03-21 17:11:13,48.87
2026-03-21 17:16:13,48.87
2026-03-21 17:21:13,49.426
2026-03-21 17:26:13,51.301
2026-03-21 17:31:13,50.676
2026-03-21 17:36:13,50.051
2026-03-21 17:41:13,49.426
2026-03-21 17:46:13,48.87
2026-03-21 17:51:13,48.87
2026-03-21 17:56:14,48.87
2026-03-21 18:01:14,48.87
2026-03-21 18:06:14,53.801
2026-03-21 18:11:14,49.426
2026-03-21 18:16:14,49.426
2026-03-21 18:21:14,48.87
2026-03-21 18:26:14,49.426
2026-03-21 18:31:14,50.051
2026-03-21 18:36:14,48.87
2026-03-21 18:41:14,48.87
2026-03-21 18:46:14,50.676
2026-03-21 18:51:14,49.426
2026-03-21 18:56:14,48.87
2026-03-21 19:01:14,49.426
2026-03-21 19:06:14,48.87
2026-03-21 19:11:15,48.87
2026-03-21 19:16:15,48.314
2026-03-21 19:21:15,52.551
2026-03-21 19:26:15,49.426
2026-03-21 19:31:15,48.87
2026-03-21 19:36:15,54.426
2026-03-21 19:41:21,50.676
2026-03-21 19:46:21,48.87
2026-03-21 19:51:21,48.87
2026-03-21 19:56:21,48.87
2026-03-21 20:01:21,48.87
2026-03-21 20:06:21,50.676
2026-03-21 20:11:22,50.676
2026-03-21 20:16:22,50.676
2026-03-21 20:21:22,49.426
2026-03-21 20:26:22,48.314
2026-03-21 20:31:22,57.203
2026-03-21 20:36:22,49.426
2026-03-21 20:41:22,51.301
2026-03-21 20:46:22,49.426
2026-03-21 20:51:22,50.051
2026-03-21 20:56:22,48.87
2026-03-21 21:01:22,48.87
2026-03-21 21:06:22,48.87
2026-03-21 21:11:22,48.87
2026-03-21 21:16:23,51.301
2026-03-21 21:21:23,49.426
2026-03-21 21:26:23,48.87
2026-03-21 21:31:23,48.87
2026-03-21 21:36:23,48.87
2026-03-21 21:41:23,48.87
2026-03-21 21:46:23,48.314
2026-03-21 21:51:23,48.87
2026-03-21 21:56:23,50.676
2026-03-21 22:01:23,48.87
2026-03-21 22:06:23,48.87
2026-03-21 22:11:23,48.87
2026-03-21 22:16:23,48.87
2026-03-21 22:21:23,48.314
2026-03-21 22:26:23,48.314
2026-03-21 22:31:24,50.676
2026-03-21 22:36:24,49.426
2026-03-21 22:41:24,48.87
2026-03-21 22:46:24,48.314
2026-03-21 22:51:24,48.87
2026-03-21 22:56:24,48.314
2026-03-21 23:01:24,48.87
2026-03-21 23:06:24,48.87
2026-03-21 23:11:24,51.301
2026-03-21 23:16:24,48.87
2026-03-21 23:21:24,50.676
2026-03-21 23:26:24,48.87
2026-03-21 23:31:25,48.314
2026-03-21 23:36:25,48.314
2026-03-21 23:41:25,48.314
2026-03-21 23:46:25,51.926
2026-03-21 23:51:25,48.87
2026-03-21 23:56:25,48.314
2026-03-22 00:01:25,48.87
2026-03-22 00:06:25,48.314
2026-03-22 00:11:25,48.87
2026-03-22 00:16:25,48.314
2026-03-22 00:21:25,50.676
2026-03-22 00:26:25,49.426
2026-03-22 00:31:26,49.426
2026-03-22 00:36:26,48.314
2026-03-22 00:41:26,48.314
2026-03-22 00:46:26,50.676
2026-03-22 00:51:26,48.87
2026-03-22 00:56:26,48.314
2026-03-22 01:01:26,50.051
2026-03-22 01:06:26,48.87
2026-03-22 01:11:26,49.426
2026-03-22 01:16:26,48.314
2026-03-22 01:21:26,48.87
2026-03-22 01:26:26,48.314
2026-03-22 01:31:26,48.87
2026-03-22 01:36:26,51.301
2026-03-22 01:41:26,49.426
2026-03-22 01:46:26,48.87
2026-03-22 01:51:27,48.87
2026-03-22 01:56:27,48.87
2026-03-22 02:01:27,48.87
2026-03-22 02:06:27,48.314
2026-03-22 02:11:27,48.87
2026-03-22 02:16:27,50.051
2026-03-22 02:21:27,48.87
2026-03-22 02:26:27,48.87
2026-03-22 02:31:27,48.87
2026-03-22 02:36:27,48.87
2026-03-22 02:41:27,48.87
2026-03-22 02:46:27,49.426
2026-03-22 02:51:27,51.926
2026-03-22 02:56:27,49.426
2026-03-22 03:01:28,49.426
2026-03-22 03:06:28,48.87
2026-03-22 03:11:28,48.87
2026-03-22 03:16:28,50.051
2026-03-22 03:21:28,49.426
2026-03-22 03:26:28,52.551
2026-03-22 03:31:28,51.301
2026-03-22 03:36:28,49.426
2026-03-22 03:41:28,49.426
2026-03-22 03:46:28,49.426
2026-03-22 03:51:28,48.87
2026-03-22 03:56:28,49.426
2026-03-22 04:01:29,49.426
2026-03-22 04:06:29,50.051
2026-03-22 04:11:29,49.426
2026-03-22 04:16:29,49.426
2026-03-22 04:21:29,48.87
2026-03-22 04:26:29,49.426
2026-03-22 04:31:29,49.426
2026-03-22 04:36:29,49.426
2026-03-22 04:41:29,52.551
2026-03-22 04:46:29,50.051
2026-03-22 04:51:29,50.051
2026-03-22 04:56:29,49.426
2026-03-22 05:01:29,49.426
2026-03-22 05:06:29,49.426
2026-03-22 05:11:30,50.676
2026-03-22 05:16:30,50.676
2026-03-22 05:21:30,50.051
2026-03-22 05:26:30,49.426
2026-03-22 05:31:30,48.87
2026-03-22 05:36:30,48.87
2026-03-22 05:41:30,48.87
2026-03-22 05:46:30,48.87
2026-03-22 05:51:30,48.87
2026-03-22 05:56:30,51.301
2026-03-22 06:01:30,49.426
2026-03-22 06:06:30,49.426
2026-03-22 06:11:31,49.426
2026-03-22 06:16:31,48.87
2026-03-22 06:21:31,50.051
2026-03-22 06:26:31,49.426
2026-03-22 06:31:31,48.87
2026-03-22 06:36:31,48.87
2026-03-22 06:41:31,49.426
2026-03-22 06:46:31,48.87
2026-03-22 06:51:31,50.051
2026-03-22 06:56:31,49.426
2026-03-22 07:01:31,49.426
2026-03-22 07:06:31,48.87
2026-03-22 07:11:31,48.87
2026-03-22 07:16:32,49.426
2026-03-22 07:21:32,49.426
2026-03-22 07:26:32,51.926
2026-03-22 07:31:32,50.051
2026-03-22 07:36:32,49.426
2026-03-22 07:41:32,49.426
2026-03-22 07:46:32,50.051
2026-03-22 07:51:32,50.051
2026-03-22 07:56:32,50.676
2026-03-22 08:01:32,49.426
2026-03-22 08:06:32,51.301
2026-03-22 08:11:32,50.051
2026-03-22 08:16:32,50.051
2026-03-22 08:21:32,50.051
2026-03-22 08:26:32,50.051
2026-03-22 08:31:32,50.051
2026-03-22 08:36:33,50.051
2026-03-22 08:41:33,53.176
2026-03-22 08:46:33,51.301
2026-03-22 08:51:33,50.676
2026-03-22 08:56:33,50.676
2026-03-22 09:01:33,50.676
2026-03-22 09:06:33,50.676
2026-03-22 09:11:33,50.676
2026-03-22 09:16:33,50.676
2026-03-22 09:21:33,51.301
2026-03-22 09:26:33,50.676
2026-03-22 09:31:33,50.051
2026-03-22 09:36:33,50.051
2026-03-22 09:41:33,50.676
2026-03-22 09:46:34,50.676
2026-03-22 09:51:34,50.051
2026-03-22 09:56:34,53.176
2026-03-22 10:01:34,50.676
2026-03-22 10:06:34,50.676
2026-03-22 10:11:34,50.676
2026-03-22 10:16:34,50.676
2026-03-22 10:21:34,51.301
2026-03-22 10:26:34,50.676
2026-03-22 10:31:34,51.301
2026-03-22 10:36:34,51.301
2026-03-22 10:41:34,50.676
2026-03-22 10:46:34,50.676
2026-03-22 10:51:34,50.676
2026-03-22 10:56:35,50.676
2026-03-22 11:01:35,50.676
2026-03-22 11:06:35,50.676
2026-03-22 11:11:35,52.551
2026-03-22 11:16:35,51.301
2026-03-22 11:21:35,50.676
2026-03-22 11:26:35,50.676
2026-03-22 11:31:35,50.676
2026-03-22 11:36:35,51.926
2026-03-22 11:41:35,50.676
2026-03-22 11:46:35,52.551
2026-03-22 11:51:35,51.301
2026-03-22 11:56:35,50.676
2026-03-22 12:01:35,50.676
2026-03-22 12:06:36,50.051
2026-03-22 12:11:36,50.676
2026-03-22 12:16:36,50.051
2026-03-22 12:21:36,50.676
2026-03-22 12:26:36,53.801
2026-03-22 12:31:36,51.301
2026-03-22 12:36:36,50.676
2026-03-22 12:41:36,51.301
2026-03-22 12:46:36,50.051
2026-03-22 12:51:36,50.051
2026-03-22 12:56:36,51.301
2026-03-22 13:01:36,53.176
2026-03-22 13:06:36,50.676
2026-03-22 13:11:36,50.676
2026-03-22 13:16:37,50.676
2026-03-22 13:21:37,50.676
2026-03-22 13:26:37,50.676
2026-03-22 13:31:37,50.676
2026-03-22 13:36:37,51.301
2026-03-22 13:41:37,51.926
2026-03-22 13:46:37,50.676
2026-03-22 13:51:37,50.051
2026-03-22 13:56:37,50.676
2026-03-22 14:01:37,50.676
2026-03-22 14:06:37,50.676
2026-03-22 14:11:37,50.676
2026-03-22 14:16:38,53.176
2026-03-22 14:21:38,50.676
2026-03-22 14:26:38,50.676
2026-03-22 14:31:38,50.676
2026-03-22 14:36:38,51.926
2026-03-22 14:41:38,50.051
2026-03-22 14:46:38,50.051
2026-03-22 14:51:38,52.551
2026-03-22 14:56:38,51.301
2026-03-22 15:01:38,50.051
2026-03-22 15:06:38,50.051
2026-03-22 15:11:39,50.676
2026-03-22 15:16:39,50.676
2026-03-22 15:21:39,50.676
2026-03-22 15:26:39,50.676
2026-03-22 15:31:39,51.926
2026-03-22 15:36:39,50.676
2026-03-22 15:41:39,50.051
2026-03-22 15:46:39,50.051
2026-03-22 15:51:39,50.051
2026-03-22 15:56:39,50.051
2026-03-22 16:01:39,50.676
2026-03-22 16:06:39,53.176
2026-03-22 16:11:39,51.301
2026-03-22 16:16:40,50.676
2026-03-22 16:21:40,50.676
2026-03-22 16:26:40,50.676
2026-03-22 16:31:40,50.676
2026-03-22 16:36:40,50.676
2026-03-22 16:41:40,50.676
2026-03-22 16:46:40,53.176
2026-03-22 16:51:40,50.676
2026-03-22 16:56:40,50.051
2026-03-22 17:01:40,50.051
2026-03-22 17:06:40,50.051
2026-03-22 17:11:40,50.051
2026-03-22 17:16:40,49.426
2026-03-22 17:21:40,51.301
2026-03-22 17:26:40,51.301
2026-03-22 17:31:40,50.051
2026-03-22 17:36:41,50.051
2026-03-22 17:41:41,50.051
2026-03-22 17:46:41,50.051
2026-03-22 17:51:41,50.051
2026-03-22 17:56:41,51.301
2026-03-22 18:01:41,54.426
2026-03-22 18:06:41,50.676
2026-03-22 18:11:41,50.676
2026-03-22 18:16:41,50.051
2026-03-22 18:21:41,50.051
2026-03-22 18:26:41,49.426
2026-03-22 18:31:41,50.676
2026-03-22 18:36:41,50.676
2026-03-22 18:41:41,51.301
2026-03-22 18:46:42,50.676
2026-03-22 18:51:42,50.051
2026-03-22 18:56:42,50.676
2026-03-22 19:01:42,50.051
2026-03-22 19:06:42,50.051
2026-03-22 19:11:42,50.051
2026-03-22 19:16:42,53.801
2026-03-22 19:21:42,51.301
2026-03-22 19:26:42,50.676
2026-03-22 19:31:42,50.051
2026-03-22 19:36:42,50.051
2026-03-22 19:41:42,50.051
2026-03-22 19:46:42,50.051
2026-03-22 19:51:42,50.051
2026-03-22 19:56:42,51.301
2026-03-22 20:01:43,50.676
2026-03-22 20:06:43,50.051
2026-03-22 20:11:43,50.051
2026-03-22 20:16:43,50.051
2026-03-22 20:21:43,49.426
2026-03-22 20:26:43,50.051
2026-03-22 20:31:43,60.537
2026-03-22 20:36:43,52.551
2026-03-22 20:41:43,50.676
2026-03-22 20:46:43,51.301
2026-03-22 20:51:43,50.051
2026-03-22 20:56:43,50.051
2026-03-22 21:01:43,50.051
2026-03-22 21:06:44,50.051
2026-03-22 21:11:44,53.176
2026-03-22 21:16:44,50.676
2026-03-22 21:21:44,50.676
2026-03-22 21:26:44,50.676
2026-03-22 21:31:44,49.426
2026-03-22 21:36:44,49.426
2026-03-22 21:41:44,49.426
2026-03-22 21:46:44,50.051
2026-03-22 21:51:44,51.301
2026-03-22 21:56:44,50.051
2026-03-22 22:01:44,49.426
2026-03-22 22:06:44,49.426
2026-03-22 22:11:45,49.426
2026-03-22 22:16:45,49.426
2026-03-22 22:21:45,50.051
2026-03-22 22:26:45,53.176
2026-03-22 22:31:45,50.051
2026-03-22 22:36:45,50.051
2026-03-22 22:41:45,49.426
2026-03-22 22:46:45,49.426
2026-03-22 22:51:45,49.426
2026-03-22 22:56:45,49.426
2026-03-22 23:01:45,49.426
2026-03-22 23:06:45,54.426
2026-03-22 23:11:45,50.051
2026-03-22 23:16:46,49.426
2026-03-22 23:21:46,49.426
2026-03-22 23:26:46,49.426
2026-03-22 23:31:46,49.426
2026-03-22 23:36:46,48.87
2026-03-22 23:41:46,51.301
2026-03-22 23:46:46,50.051
2026-03-22 23:51:46,49.426
2026-03-22 23:56:46,49.426
2026-03-23 00:01:46,49.426
2026-03-23 00:06:46,48.87
2026-03-23 00:11:46,49.426
2026-03-23 00:16:46,49.426
2026-03-23 00:21:47,51.926
2026-03-23 00:26:47,50.676
2026-03-23 00:31:47,49.426
2026-03-23 00:36:47,49.426
2026-03-23 00:41:47,49.426
2026-03-23 00:46:47,48.87
2026-03-23 00:51:47,49.426
2026-03-23 00:56:47,51.926
2026-03-23 01:01:47,50.051
2026-03-23 01:06:47,49.426
2026-03-23 01:11:47,49.426
2026-03-23 01:16:47,49.426
2026-03-23 01:21:47,48.87
2026-03-23 01:26:47,49.426
2026-03-23 01:31:48,48.87
2026-03-23 01:36:48,52.551
2026-03-23 01:41:48,51.301
2026-03-23 01:46:48,49.426
2026-03-23 01:51:48,48.87
2026-03-23 01:56:48,48.87
2026-03-23 02:01:48,48.87
2026-03-23 02:06:48,48.87
2026-03-23 02:11:48,48.87
2026-03-23 02:16:48,50.676
2026-03-23 02:21:48,49.426
2026-03-23 02:26:48,49.426
2026-03-23 02:31:48,49.426
2026-03-23 02:36:48,49.426
2026-03-23 02:41:49,49.426
2026-03-23 02:46:49,49.426
2026-03-23 02:51:49,52.551
2026-03-23 02:56:49,50.676
2026-03-23 03:01:49,49.426
2026-03-23 03:06:49,49.426
2026-03-23 03:11:49,48.87
2026-03-23 03:16:49,48.87
2026-03-23 03:21:49,48.87
2026-03-23 03:26:49,48.87
2026-03-23 03:31:49,50.676
2026-03-23 03:36:49,49.426
2026-03-23 03:41:49,49.426
2026-03-23 03:46:49,48.87
2026-03-23 03:51:50,49.426
2026-03-23 03:56:50,49.426
2026-03-23 04:01:50,50.051
2026-03-23 04:06:50,51.926
2026-03-23 04:11:50,50.051
2026-03-23 04:16:50,49.426
2026-03-23 04:21:50,48.87
2026-03-23 04:26:50,48.87
2026-03-23 04:31:50,48.87
2026-03-23 04:36:50,49.426
2026-03-23 04:41:50,49.426
2026-03-23 04:46:50,50.676
2026-03-23 04:51:50,50.051
2026-03-23 04:56:50,50.051
2026-03-23 05:01:51,50.051
2026-03-23 05:06:51,49.426
2026-03-23 05:11:51,49.426
2026-03-23 05:16:51,49.426
2026-03-23 05:21:51,51.926
2026-03-23 05:26:51,50.051
2026-03-23 05:31:51,49.426
2026-03-23 05:36:51,49.426
2026-03-23 05:41:51,49.426
2026-03-23 05:46:51,49.426
2026-03-23 05:51:51,49.426
2026-03-23 05:56:51,51.301
2026-03-23 06:01:51,51.301
2026-03-23 06:06:51,50.051
2026-03-23 06:11:52,49.426
2026-03-23 06:16:52,49.426
2026-03-23 06:21:52,50.051
2026-03-23 06:26:52,50.051
2026-03-23 06:31:52,50.051
2026-03-23 06:36:52,51.926
2026-03-23 06:41:52,51.926
2026-03-23 06:46:52,50.051
2026-03-23 06:51:52,50.051
2026-03-23 06:56:52,50.051
2026-03-23 07:01:52,50.676
2026-03-23 07:06:52,49.426
2026-03-23 07:11:52,52.551
2026-03-23 07:16:52,50.676
2026-03-23 07:21:53,50.051
2026-03-23 07:26:53,50.051
2026-03-23 07:31:53,50.051
2026-03-23 07:36:53,50.051
2026-03-23 07:41:53,50.051
2026-03-23 07:46:53,51.301
2026-03-23 07:51:53,51.926
2026-03-23 07:56:53,50.676
2026-03-23 08:01:53,50.676
2026-03-23 08:06:53,51.301
2026-03-23 08:11:53,50.051
2026-03-23 08:16:53,50.051
2026-03-23 08:21:53,49.426
2026-03-23 08:26:54,53.176
2026-03-23 08:31:54,50.676
2026-03-23 08:36:54,50.676
2026-03-23 08:41:54,50.676
2026-03-23 08:46:54,50.676
2026-03-23 08:51:54,50.676
2026-03-23 08:56:54,50.676
2026-03-23 09:01:54,54.426
2026-03-23 09:06:54,51.926
2026-03-23 09:11:54,50.676
2026-03-23 09:16:54,51.301
2026-03-23 09:21:54,50.676
2026-03-23 09:26:54,50.676
2026-03-23 09:31:54,50.676
2026-03-23 09:36:55,50.676
2026-03-23 09:41:55,53.801
2026-03-23 09:46:55,51.926
2026-03-23 09:51:55,51.301
2026-03-23 09:56:55,51.926
2026-03-23 10:01:55,51.926
2026-03-23 10:06:55,51.926
2026-03-23 10:11:55,51.301
2026-03-23 10:16:55,53.801
2026-03-23 10:21:55,54.426
2026-03-23 10:26:55,53.176
2026-03-23 10:31:55,53.176
2026-03-23 10:36:56,53.176
2026-03-23 10:41:56,53.801
2026-03-23 10:46:56,53.801
2026-03-23 10:51:56,56.648
2026-03-23 10:56:56,53.801
2026-03-23 11:01:56,53.801
2026-03-23 11:06:56,53.176
2026-03-23 11:11:56,53.801
2026-03-23 11:16:56,53.801
2026-03-23 11:21:56,55.537
2026-03-23 11:26:56,53.801
2026-03-23 11:31:56,53.801
2026-03-23 11:36:57,54.426
2026-03-23 11:41:57,53.801
2026-03-23 11:46:57,53.801
2026-03-23 11:51:57,56.092
2026-03-23 11:56:57,54.426
2026-03-23 12:01:57,53.801
2026-03-23 12:06:57,53.801
2026-03-23 12:11:57,53.801
2026-03-23 12:16:57,53.801
2026-03-23 12:21:57,53.801
2026-03-23 12:26:57,54.426
2026-03-23 12:31:57,53.801
2026-03-23 12:36:57,53.176
2026-03-23 12:41:57,53.176
2026-03-23 12:46:58,53.176
2026-03-23 12:51:58,53.176
2026-03-23 12:56:58,54.981
2026-03-23 13:01:58,53.801
2026-03-23 13:06:58,53.176
2026-03-23 13:11:58,53.801
2026-03-23 13:16:58,53.176
2026-03-23 13:21:58,53.176
2026-03-23 13:26:58,55.537
2026-03-23 13:31:58,53.801
2026-03-23 13:36:58,53.176
2026-03-23 13:41:58,53.176
2026-03-23 13:46:58,53.176
2026-03-23 13:51:58,53.176
2026-03-23 13:56:59,54.981
2026-03-23 14:01:59,53.801
2026-03-23 14:06:59,53.176
2026-03-23 14:11:59,53.176
2026-03-23 14:16:59,53.176
2026-03-23 14:21:59,53.176
2026-03-23 14:26:59,53.176
2026-03-23 14:31:59,53.801
2026-03-23 14:36:59,53.176
2026-03-23 14:41:59,53.176
2026-03-23 14:46:59,53.176
2026-03-23 14:51:59,53.176
2026-03-23 14:56:59,53.176
2026-03-23 15:02:00,53.801
2026-03-23 15:07:00,53.176
2026-03-23 15:12:00,53.176
2026-03-23 15:17:00,53.176
2026-03-23 15:22:00,53.176
2026-03-23 15:27:00,52.551
2026-03-23 15:32:00,55.537
2026-03-23 15:37:00,53.801
2026-03-23 15:42:00,53.176
2026-03-23 15:47:00,53.176
2026-03-23 15:52:00,53.176
2026-03-23 15:57:01,53.176
2026-03-23 16:02:01,54.981
2026-03-23 16:07:01,53.801
2026-03-23 16:12:01,53.801
2026-03-23 16:17:01,53.176
2026-03-23 16:22:01,53.176
2026-03-23 16:27:01,53.176
2026-03-23 16:32:01,54.426
2026-03-23 16:37:01,53.801
2026-03-23 16:42:01,53.801
2026-03-23 16:47:01,53.176
2026-03-23 16:52:01,53.176
2026-03-23 16:57:02,53.176
2026-03-23 17:02:02,53.176
2026-03-23 17:07:02,53.801
2026-03-23 17:12:02,53.176
2026-03-23 17:17:02,53.176
2026-03-23 17:22:02,53.176
2026-03-23 17:27:02,53.176
2026-03-23 17:32:02,53.176
2026-03-23 17:37:02,53.801
2026-03-23 17:42:02,53.801
2026-03-23 17:47:02,53.176
2026-03-23 17:52:02,53.176
2026-03-23 17:57:02,53.176
2026-03-23 18:02:02,53.176
2026-03-23 18:07:02,54.426
2026-03-23 18:12:02,53.176
2026-03-23 18:17:02,53.176
2026-03-23 18:22:03,53.176
2026-03-23 18:27:03,53.176
2026-03-23 18:32:03,53.801
2026-03-23 18:37:03,55.537
2026-03-23 18:42:03,53.176
2026-03-23 18:47:03,53.176
2026-03-23 18:52:03,52.551
2026-03-23 18:57:03,52.551
2026-03-23 19:02:03,52.551
2026-03-23 19:07:03,53.176
2026-03-23 19:12:03,53.176
2026-03-23 19:17:03,52.551
2026-03-23 19:22:03,52.551
2026-03-23 19:27:03,52.551
2026-03-23 19:32:03,52.551
2026-03-23 19:37:04,52.551
2026-03-23 19:42:04,53.176
2026-03-23 19:47:04,52.551
2026-03-23 19:52:04,52.551
2026-03-23 19:57:04,52.551
2026-03-23 20:02:04,52.551
2026-03-23 20:07:04,52.551
2026-03-23 20:12:04,54.981
2026-03-23 20:17:04,52.551
2026-03-23 20:22:04,52.551
2026-03-23 20:27:04,53.176
2026-03-23 20:32:04,52.551
2026-03-23 20:37:04,52.551
2026-03-23 20:42:04,55.537
2026-03-23 20:47:05,53.176
2026-03-23 20:52:05,53.176
2026-03-23 20:57:05,52.551
2026-03-23 21:02:05,52.551
2026-03-23 21:07:05,52.551
2026-03-23 21:12:05,53.801
2026-03-23 21:17:05,52.551
2026-03-23 21:22:05,52.551
2026-03-23 21:27:05,52.551
2026-03-23 21:32:05,52.551
2026-03-23 21:37:05,52.551
2026-03-23 21:42:05,52.551
2026-03-23 21:47:05,53.176
2026-03-23 21:52:05,52.551
2026-03-23 21:57:06,52.551
2026-03-23 22:02:06,52.551
2026-03-23 22:07:06,52.551
2026-03-23 22:12:06,52.551
2026-03-23 22:17:06,53.801
2026-03-23 22:22:06,52.551
2026-03-23 22:27:06,52.551
2026-03-23 22:32:06,52.551
2026-03-23 22:37:06,52.551
2026-03-23 22:42:06,51.926
2026-03-23 22:47:06,56.092
2026-03-23 22:52:06,52.551
2026-03-23 22:57:07,52.551
2026-03-23 23:02:07,53.176
2026-03-23 23:07:07,52.551
2026-03-23 23:12:07,52.551
2026-03-23 23:17:07,53.801
2026-03-23 23:22:07,53.176
2026-03-23 23:27:07,52.551
2026-03-23 23:32:07,52.551
2026-03-23 23:37:07,52.551
2026-03-23 23:42:07,52.551
2026-03-23 23:47:07,52.551
2026-03-23 23:52:07,52.551
2026-03-23 23:57:07,52.551
2026-03-24 00:02:07,52.551
2026-03-24 00:07:07,52.551
2026-03-24 00:12:07,52.551
2026-03-24 00:17:08,52.551
2026-03-24 00:22:08,53.801
2026-03-24 00:27:08,53.176
2026-03-24 00:32:08,52.551
2026-03-24 00:37:08,52.551
2026-03-24 00:42:08,52.551
2026-03-24 00:47:08,52.551
2026-03-24 00:52:08,54.426
2026-03-24 00:57:08,53.176
2026-03-24 01:02:08,53.176
2026-03-24 01:07:08,53.176
2026-03-24 01:12:08,52.551
2026-03-24 01:17:08,53.176
2026-03-24 01:22:09,55.537
2026-03-24 01:27:09,53.176
2026-03-24 01:32:09,52.551
2026-03-24 01:37:09,52.551
2026-03-24 01:42:09,52.551
2026-03-24 01:47:09,52.551
2026-03-24 01:52:09,55.537
2026-03-24 01:57:09,53.176
2026-03-24 02:02:09,52.551
2026-03-24 02:07:09,52.551
2026-03-24 02:12:09,52.551
2026-03-24 02:17:09,52.551
2026-03-24 02:22:09,52.551
2026-03-24 02:27:10,53.801
2026-03-24 02:32:10,53.176
2026-03-24 02:37:10,53.176
2026-03-24 02:42:10,52.551
2026-03-24 02:47:10,52.551
2026-03-24 02:52:10,52.551
2026-03-24 02:57:10,53.176
2026-03-24 03:02:10,52.551
2026-03-24 03:07:10,52.551
2026-03-24 03:12:10,52.551
2026-03-24 03:17:10,52.551
2026-03-24 03:22:10,51.926
2026-03-24 03:27:10,53.801
2026-03-24 03:32:11,53.176
2026-03-24 03:37:11,52.551
2026-03-24 03:42:11,52.551
2026-03-24 03:47:11,52.551
2026-03-24 03:52:11,52.551
2026-03-24 03:57:11,54.981
2026-03-24 04:02:11,53.176
2026-03-24 04:07:11,52.551
2026-03-24 04:12:11,53.176
2026-03-24 04:17:11,52.551
2026-03-24 04:22:11,52.551
2026-03-24 04:27:11,53.801
2026-03-24 04:32:11,53.801
2026-03-24 04:37:12,53.176
2026-03-24 04:42:12,52.551
2026-03-24 04:47:12,53.176
2026-03-24 04:52:12,52.551
2026-03-24 04:57:12,52.551
2026-03-24 05:02:12,53.176
2026-03-24 05:07:12,53.176
2026-03-24 05:12:12,52.551
2026-03-24 05:17:12,53.176
2026-03-24 05:22:12,53.176
2026-03-24 05:27:12,52.551
2026-03-24 05:32:12,54.426
2026-03-24 05:37:12,53.176
2026-03-24 05:42:13,52.551
2026-03-24 05:47:13,53.176
2026-03-24 05:52:13,52.551
2026-03-24 05:57:13,52.551
2026-03-24 06:02:13,54.981
2026-03-24 06:07:13,53.176
2026-03-24 06:12:13,53.176
2026-03-24 06:17:13,52.551
2026-03-24 06:22:13,52.551
2026-03-24 06:27:13,52.551
2026-03-24 06:32:13,55.537
2026-03-24 06:37:13,53.176
2026-03-24 06:42:13,53.176
2026-03-24 06:47:13,52.551
2026-03-24 06:52:13,53.176
2026-03-24 06:57:14,53.176
2026-03-24 07:02:14,54.426
2026-03-24 07:07:14,63.87
2026-03-24 07:12:14,54.426
2026-03-24 07:17:14,54.426
2026-03-24 07:22:14,52.551
2026-03-24 07:27:14,53.176
2026-03-24 07:32:14,52.551
2026-03-24 07:37:14,52.551
2026-03-24 07:42:14,52.551
2026-03-24 07:47:14,53.176
2026-03-24 07:52:14,53.176
2026-03-24 07:57:14,53.176
2026-03-24 08:02:15,54.426
2026-03-24 08:07:15,52.551
2026-03-24 08:12:15,53.176
2026-03-24 08:17:15,52.551
2026-03-24 08:22:15,53.176
2026-03-24 08:27:15,53.176
2026-03-24 08:32:15,53.176
2026-03-24 08:37:15,53.176
2026-03-24 08:42:15,53.176
2026-03-24 08:47:15,53.176
2026-03-24 08:52:15,53.176
2026-03-24 08:57:15,53.176
2026-03-24 09:02:15,53.176
2026-03-24 09:07:15,53.176
2026-03-24 09:12:15,53.801
2026-03-24 09:17:16,53.801
2026-03-24 09:22:16,53.176
2026-03-24 09:27:16,53.801
2026-03-24 09:32:16,53.176
2026-03-24 09:37:16,53.801
2026-03-24 09:42:16,53.801
2026-03-24 09:47:16,53.801
2026-03-24 09:52:16,53.801
2026-03-24 09:57:16,53.801
2026-03-24 10:02:16,53.801
2026-03-24 10:07:16,53.801
2026-03-24 10:12:16,53.801
2026-03-24 10:17:16,53.801
2026-03-24 10:22:16,54.426
2026-03-24 10:27:17,53.801
2026-03-24 10:32:17,53.801
2026-03-24 10:37:17,53.801
2026-03-24 10:42:17,53.801
2026-03-24 10:47:17,53.801
2026-03-24 10:52:17,53.801
2026-03-24 10:57:17,54.426
2026-03-24 11:02:17,53.801
2026-03-24 11:07:17,54.426
2026-03-24 11:12:17,54.426
2026-03-24 11:17:17,53.801
2026-03-24 11:22:17,53.801
2026-03-24 11:27:17,54.426
2026-03-24 11:32:17,53.801
2026-03-24 11:37:18,53.801
2026-03-24 11:42:18,53.801
2026-03-24 11:47:18,53.801
2026-03-24 11:52:18,53.801
2026-03-24 11:57:18,53.801
2026-03-24 12:02:18,53.801
2026-03-24 12:07:18,53.801
2026-03-24 12:12:18,53.801
2026-03-24 12:17:18,53.801
2026-03-24 12:22:18,53.801
2026-03-24 12:27:18,53.801
2026-03-24 12:32:18,53.176
2026-03-24 12:37:18,53.801
2026-03-24 12:42:18,53.801
2026-03-24 12:47:19,53.176
2026-03-24 12:52:19,53.801
2026-03-24 12:57:19,53.176
2026-03-24 13:02:19,53.176
2026-03-24 13:07:19,53.801
2026-03-24 13:12:19,53.801
2026-03-24 13:17:19,53.176
2026-03-24 13:22:19,53.176
2026-03-24 13:27:19,53.801
2026-03-24 13:32:19,53.176
2026-03-24 13:37:19,53.176
2026-03-24 13:42:19,53.176
2026-03-24 13:47:20,53.176
2026-03-24 13:52:20,53.176
2026-03-24 13:57:20,53.176
2026-03-24 14:02:20,53.176
2026-03-24 14:07:20,53.176
2026-03-24 14:12:20,53.176
2026-03-24 14:17:20,53.801
2026-03-24 14:22:20,53.801
2026-03-24 14:27:20,53.176
2026-03-24 14:32:20,53.801
2026-03-24 14:37:20,53.801
2026-03-24 14:42:20,53.801
2026-03-24 14:47:20,53.176
2026-03-24 14:52:21,53.176
2026-03-24 14:57:21,53.801
2026-03-24 15:02:21,53.801
2026-03-24 15:07:21,53.176
2026-03-24 15:12:21,53.176
2026-03-24 15:17:21,53.176
2026-03-24 15:22:21,53.801
2026-03-24 15:27:21,53.801
2026-03-24 15:32:21,53.801
2026-03-24 15:37:21,53.176
2026-03-24 15:42:21,53.176
2026-03-24 15:47:21,53.176
2026-03-24 15:52:21,53.176
2026-03-24 15:57:22,53.176
2026-03-24 16:02:22,53.801
2026-03-24 16:07:22,53.801
2026-03-24 16:12:22,53.176
